{"cameraMode":{"drawMode":0,"name":"Shaded","section":"Shading Mode"},"sceneLighting":true,"audioPlay":false,"sceneViewState":{"showFog":true,"showMaterialUpdate":false,"showSkybox":true,"showFlares":true,"showImageEffects":true,"showParticleSystems":true,"showVisualEffectGraphs":true,"m_FxEnabled":true},"in2DMode":false,"pivot":{"x":-0.9274815320968628,"y":0.1796169877052307,"z":0.005063310265541077},"rotation":{"x":-0.06865956634283066,"y":-0.8058074116706848,"z":0.5805166959762573,"w":-0.0951143354177475},"size":2.152682065963745,"orthographic":false}